1,Sector-6&7,Rewari,200999095333,25,07/12/2006,31,09/02/2011,6,29/01/2016,18231-18323,03/10/2016,D202CAB9C4B4,Priya Gaonkar,EASPS6943C,5000.00,1000.00,4000.00,HDFC0000501,65132156013,N,DD,Mumbai,0006,Supreme Court - order Order No 11111,04-12-18
1,Sector-6&7,Rewari,200999095333,25,07/12/2006,31,09/02/2011,6,29/01/2016,18231-18323,03/10/2016,D5351ABEA596,Priya Gaonkar,EASPS6943C,10000.00,1000.00,9000.00,HDFC0000501,65132156014,N,DD,Mumbai,0006,Supreme Court - order Order No 11111,04-12-18
1,Sector-6&7,Rewari,200999095333,25,07/12/2006,31,09/02/2011,6,29/01/2016,18231-18323,03/10/2016,D579FA9266DC,Priya Gaonkar,EASPS6943C,5000.00,1000.00,4000.00,HDFC0000501,65132156015,N,DD,Mumbai,0006,Supreme Court - order Order No 11111,04-12-18
1,Sector-6&7,Rewari,200999095333,25,07/12/2006,31,09/02/2011,6,29/01/2016,18231-18323,03/10/2016,D943AAE56946,Priya Gaonkar,EASPS6943C,5000.00,1000.00,4000.00,HDFC0000501,65132156016,N,DD,Mumbai,0006,Supreme Court - order Order No 11111,04-12-18
1,Sector-6&7,Rewari,200999095333,25,07/12/2006,31,09/02/2011,6,29/01/2016,18231-18323,03/10/2016,D9EAB893B40C,Priya Gaonkar,EASPS6943C,11000.00,1000.00,10000.00,HDFC0000501,65132156017,N,DD,Mumbai,0006,Supreme Court - order Order No 11111,04-12-18
1,Sector-6&7,Rewari,200999095333,25,07/12/2006,31,09/02/2011,6,29/01/2016,18231-18323,03/10/2016,DC31A196A517,Priya Gaonkar,EASPS6943C,5000.00,1000.00,4000.00,HDFC0000501,65132156018,N,DD,Mumbai,0006,Supreme Court - order Order No 11111,04-12-18
1,Sector-6&7,Rewari,200999095333,25,07/12/2006,31,09/02/2011,6,29/01/2016,18231-18323,03/10/2016,D6F696B0A31E,Priya Gaonkar,EASPS6943C,5000.00,1000.00,4000.00,HDFC0000501,65132156019,N,DD,Mumbai,0006,Supreme Court - order Order No 11111,04-12-18
1,Sector-6&7,Rewari,200999095333,25,07/12/2006,31,09/02/2011,6,29/01/2016,18231-18323,03/10/2016,D9F4CFA52090,Priya Gaonkar,EASPS6943C,5000.00,1000.00,4000.00,HDFC0000501,65132156020,N,DD,Mumbai,0006,Supreme Court - order Order No 11111,04-12-18
1,Sector-6&7,Rewari,200999095333,25,07/12/2006,31,09/02/2011,6,29/01/2016,18231-18323,03/10/2016,D481FE70F73F,Priya Gaonkar,EASPS6943C,5000.00,1000.00,4000.00,HDFC0000501,65132156021,N,DD,Mumbai,0006,Supreme Court - order Order No 11111,04-12-18
1,Sector-6&7,Rewari,200999095333,25,07/12/2006,31,09/02/2011,6,29/01/2016,18231-18323,03/10/2016,D4FFFC35521D,Priya Gaonkar,EASPS6943C,7000.00,1000.00,6000.00,HDFC0000501,65132156022,N,DD,Mumbai,0006,Supreme Court - order Order No 11111,04-12-18
