<?xml version="1.0" encoding="utf-8" ?><dwsync><file name="bootstrap.js" server="amancingh.com" local="3512485412" remote="12107814932" /><file name="bootstrap.min.js" server="amancingh.com" local="3512485412" remote="12107814932" /><file name="cbpAnimatedHeader.js" server="amancingh.com" local="3512485412" remote="12107814932" /><file name="classie.js" server="amancingh.com" local="3512485412" remote="12107814932" /><file name="creative.js" server="amancingh.com" local="3518423815" remote="16403300448" /><file name="jquery.easing.min.js" server="amancingh.com" local="3512485412" remote="12107814992" /><file name="jquery.fittext.js" server="amancingh.com" local="3512485412" remote="12107814992" /><file name="jquery.js" server="amancingh.com" local="3512485412" remote="12107814992" /><file name="wow.min.js" server="amancingh.com" local="3512485412" remote="12107814992" /><file name="jquery-ui-slider-pips.js" server="amancingh.com" local="3518253504" remote="16403130228" /><file name="bootstrap-tagsinput.js" server="amancingh.com" local="3518256954" remote="16403133648" /><file name="dropzone.js" server="amancingh.com" local="3518420552" remote="16403297268" /></dwsync>